clip;durée;boucle;pied G pic (s);vitesse G;pied D pic (s);vitesse D;main G pic;main D pic;tête min (m);tête max (m)
Baseball Pitching;natural=0.00;5.200;False;1.417;2.2;2.050;3.9;1.800;2.083;1.35;1.62
Chip;natural=0.00;1.667;False;0.017;3.6;0.483;9.8;0.433;0.800;1.43;1.65
Dribble;natural=2.51;1.733;True;0.933;4.1;1.317;4.4;0.417;0.767;1.53;1.69
Fallen Idle;natural=0.00;1.500;True;0.867;0.1;0.850;0.1;1.200;0.833;0.40;0.43
Goalkeeper Body Block;natural=0.00;2.633;False;1.833;3.2;0.967;4.2;2.033;1.400;0.20;1.57
Goalkeeper Body Block (1);natural=0.00;2.467;False;1.200;4.6;0.717;4.2;1.150;1.467;0.22;1.57
Goalkeeper Body Block (2);natural=0.00;3.433;False;2.883;1.9;1.183;5.3;1.917;0.983;0.19;1.56
Goalkeeper Catch;natural=0.00;1.267;False;0.750;3.6;0.467;1.8;0.217;0.267;1.51;1.62
Goalkeeper Catch (1);natural=0.00;2.733;False;0.567;4.1;0.567;3.5;0.433;0.500;1.32;2.09
Goalkeeper Catch (2);natural=0.00;2.700;False;0.883;7.8;1.133;7.5;1.117;1.867;1.39;2.19
Goalkeeper Catch (3);natural=0.00;2.100;False;1.067;3.4;1.183;3.9;0.633;0.617;1.02;1.59
Goalkeeper Directing;natural=0.00;7.167;False;1.350;6.0;1.600;5.5;1.217;1.183;1.45;1.65
Goalkeeper Directing (1);natural=0.00;7.700;False;6.283;3.5;4.150;3.4;1.467;6.683;1.44;1.65
Goalkeeper Diving Save;natural=0.00;3.233;False;1.350;7.1;1.283;9.1;1.133;1.317;0.21;1.60
Goalkeeper Diving Save (1);natural=0.00;3.400;False;1.350;7.0;1.417;6.3;1.217;0.683;0.15;1.58
Goalkeeper Drop Kick;natural=0.00;3.900;False;1.700;4.9;2.083;12.9;2.117;2.700;1.43;1.83
Goalkeeper Idle;natural=0.00;3.333;True;0.017;0.1;0.300;0.1;0.317;0.317;1.54;1.57
Goalkeeper Idle (1);natural=0.00;4.633;True;1.950;0.5;1.933;0.5;1.867;4.100;1.50;1.57
Goalkeeper Miss;natural=0.00;2.933;False;0.950;4.4;0.550;4.6;0.383;0.467;1.30;2.15
Goalkeeper Overhand Throw;natural=0.00;2.833;False;0.633;6.0;1.783;6.1;1.300;1.600;1.45;1.59
Goalkeeper Pass;natural=0.00;3.133;False;0.633;4.4;2.583;2.6;0.500;1.133;0.98;1.60
Goalkeeper Placing Ball;natural=0.00;3.533;False;2.100;4.3;2.417;7.0;2.100;1.183;0.96;1.64
Goalkeeper Placing Ball (1);natural=0.00;7.967;False;5.550;5.6;5.850;16.1;5.850;6.567;0.88;1.99
Goalkeeper Scoop;natural=0.00;2.600;False;0.983;4.7;1.317;4.5;0.850;0.633;0.85;1.62
Goalkeeper Sidestep;natural=-0.35;0.533;True;0.333;7.8;0.483;3.2;0.167;0.367;1.39;1.48
Goalkeeper Sidestep (1);natural=0.93;0.500;True;0.200;5.6;0.267;5.4;0.167;0.383;1.37;1.45
Header;natural=0.00;1.433;False;0.950;1.3;0.250;4.5;0.183;0.500;1.50;1.65
Header Soccerball;natural=0.00;4.200;False;0.183;2.2;0.700;1.3;0.083;0.100;1.48;1.65
Header Soccerball (1);natural=0.00;1.900;False;0.500;0.7;1.283;0.8;0.167;0.183;1.49;1.64
Jog Backward;natural=-2.07;0.800;True;0.733;3.6;0.400;3.6;0.767;0.267;1.55;1.68
Jog Backward Diagonal;natural=-0.61;0.733;True;0.433;3.1;0.050;3.4;0.533;0.500;1.54;1.65
Jog Backward Diagonal (1);natural=-1.77;0.833;True;0.367;2.6;0.367;3.3;0.533;0.500;1.54;1.64
Jog Forward;natural=2.23;0.833;True;0.833;3.6;0.467;4.5;0.783;0.783;1.63;1.72
Jog Forward Diagonal;natural=1.74;0.800;True;0.483;5.1;0.017;3.8;0.433;0.417;1.59;1.69
Jog Forward Diagonal (1);natural=1.89;0.833;True;0.450;4.3;0.083;4.4;0.833;0.833;1.54;1.63
Jog Strafe Left;natural=0.11;0.700;True;0.017;3.6;0.367;4.8;0.417;0.433;1.56;1.62
Jog Strafe Right;natural=0.19;0.733;True;0.400;3.9;0.683;3.3;0.033;0.367;1.59;1.65
Kick Soccerball;natural=0.00;0.567;False;0.517;7.6;0.567;0.5;0.133;0.150;1.57;1.65
Kick Soccerball (1);natural=0.00;0.500;False;0.017;1.0;0.417;7.0;0.500;0.500;1.59;1.65
Kick Up Soccerball;natural=0.00;1.333;False;1.233;3.5;0.200;1.1;1.267;1.333;1.54;1.65
Kneeing Soccerball;natural=0.00;0.633;False;0.567;0.4;0.117;3.5;0.633;0.017;1.59;1.63
Kneeing Soccerball (1);natural=0.00;0.900;False;0.750;2.7;0.033;0.9;0.250;0.117;1.62;1.65
Offensive Idle;natural=0.01;10.567;True;7.850;1.9;5.517;1.3;4.033;2.817;1.61;1.66
Receive Soccerball;natural=0.00;5.133;False;0.550;5.5;0.300;5.7;0.250;1.850;1.45;1.62
Run Backward;natural=-2.90;0.633;True;0.017;4.5;0.317;4.4;0.100;0.583;1.48;1.56
Scissor Kick;natural=0.00;2.767;False;1.050;6.0;0.750;10.2;0.983;1.067;0.14;1.65
Soccer Header;natural=0.00;2.367;False;1.400;2.9;1.417;2.9;0.717;0.750;1.42;2.00
Soccer Idle;natural=0.04;6.200;True;4.833;3.1;5.483;3.6;4.050;5.200;1.44;1.66
Soccer Pass;natural=0.00;1.600;False;0.200;2.6;0.433;8.7;0.500;0.517;1.47;1.65
Soccer Penalty Kick;natural=0.00;1.500;False;0.517;5.7;0.733;9.9;0.500;1.033;1.42;1.65
Soccer Spin;natural=0.00;1.267;False;0.617;7.6;0.217;8.2;0.783;0.383;1.42;1.60
Soccer Tackle;natural=0.00;1.767;False;0.150;11.6;0.017;10.1;0.400;0.517;0.49;1.59
Soccer Tackle (1);natural=0.00;2.733;False;0.750;6.8;0.617;12.1;1.000;1.050;-0.01;1.59
Soccer Tackle (2);natural=0.00;2.300;False;0.917;8.4;0.300;11.1;0.567;0.767;0.29;1.69
Soccer Trip;natural=0.00;1.600;False;1.083;9.3;0.717;9.2;0.433;0.433;-0.02;1.60
Sprint Turn;natural=0.00;1.000;False;0.617;7.3;0.350;7.5;0.950;0.733;1.55;1.60
Stall Soccerball;natural=0.00;2.133;False;0.067;0.7;1.850;4.4;1.517;1.267;1.59;1.65
Stall Soccerball (1);natural=0.00;1.833;False;0.133;0.7;1.483;2.5;0.150;0.067;1.62;1.69
Stall Soccerball (2);natural=0.00;2.300;False;2.033;3.4;0.083;0.6;0.950;1.767;1.59;1.66
Stall Soccerball (3);natural=0.00;3.267;False;2.850;3.1;2.650;0.3;2.650;2.617;1.57;1.65
Standard Run;natural=3.80;0.733;True;0.667;4.5;0.717;5.1;0.283;0.650;1.40;1.48
Standing Up;natural=0.00;1.667;False;0.800;3.4;1.067;4.7;1.333;1.517;0.40;1.45
Strike Forward Jog;natural=2.41;1.300;True;0.167;5.5;0.467;13.7;0.367;0.283;1.45;1.77
Throw In;natural=0.00;2.767;False;1.150;4.1;0.450;3.2;1.617;1.583;1.44;1.68
Transition;natural=0.00;0.767;False;0.583;0.5;0.183;1.7;0.033;0.017;1.64;1.66
Two Cycle Sprint;natural=5.68;1.067;True;0.817;7.6;0.517;6.8;0.933;0.667;1.35;1.54
Victory;natural=0.00;4.500;False;0.483;0.6;0.483;0.6;0.617;0.567;1.46;1.66
