clip;durée;boucle;pied G pic (s);vitesse G;pied D pic (s);vitesse D;main G pic;main D pic;tête min (m);tête max (m);lacet début/fin/extrême (°);genou G haut (s@m);genou D haut (s@m);torse recul (s)
Baseball Pitching;natural=0.00;naturalX=0.00;lean=-0.52;5.200;False;1.417;2.2;2.050;3.9;1.800;2.083;1.35;1.62;0/0/-96;0.900@0.95;2.300@0.80;0.917
Chip;natural=0.00;naturalX=0.00;lean=-0.20;1.667;False;0.017;3.6;0.483;9.8;0.433;0.800;1.43;1.65;0/0/-65;0.917@0.70;0.950@0.61;0.383
Dribble;natural=2.51;naturalX=-0.08;lean=0.01;1.733;True;0.933;4.1;1.317;4.4;0.417;0.767;1.53;1.69;0/0/10;0.633@0.63;1.033@0.62;1.467
Fallen Idle;natural=0.00;naturalX=0.00;lean=0.50;1.500;True;0.867;0.1;0.850;0.1;1.200;0.833;0.40;0.43;26/26/-1;1.133@0.13;1.283@0.04;0.667
Goalkeeper Body Block;natural=0.00;naturalX=0.00;lean=-0.59;2.633;False;1.833;3.2;0.967;4.2;2.033;1.400;0.20;1.57;0/3/110;0.000@0.49;1.283@0.71;1.450
Goalkeeper Body Block (1);natural=0.00;naturalX=0.00;lean=0.64;2.467;False;1.200;4.6;0.717;4.2;1.150;1.467;0.22;1.57;0/0/-163;1.083@0.69;2.467@0.48;1.300
Goalkeeper Body Block (2);natural=0.00;naturalX=0.00;lean=-0.72;3.433;False;2.883;1.9;1.183;5.3;1.917;0.983;0.19;1.56;0/5/157;2.900@0.54;1.417@0.80;1.600
Goalkeeper Catch;natural=0.00;naturalX=0.00;lean=-0.01;1.267;False;0.750;3.6;0.467;1.8;0.217;0.267;1.51;1.62;0/2/7;0.700@0.53;0.800@0.53;0.700
Goalkeeper Catch (1);natural=0.00;naturalX=0.00;lean=0.00;2.733;False;0.567;4.1;0.567;3.5;0.433;0.500;1.32;2.09;0/2/17;0.850@1.04;0.850@1.06;0.700
Goalkeeper Catch (2);natural=0.00;naturalX=0.00;lean=-0.12;2.700;False;0.883;7.8;1.133;7.5;1.117;1.867;1.39;2.19;0/2/-36;1.550@1.17;1.433@1.46;1.583
Goalkeeper Catch (3);natural=0.00;naturalX=0.00;lean=0.08;2.100;False;1.067;3.4;1.183;3.9;0.633;0.617;1.02;1.59;0/-2/9;1.117@0.54;1.317@0.54;2.017
Goalkeeper Directing;natural=0.00;naturalX=0.00;lean=-0.04;7.167;False;1.350;6.0;1.600;5.5;1.217;1.183;1.45;1.65;0/0/87;0.583@0.57;1.117@0.60;1.800
Goalkeeper Directing (1);natural=0.00;naturalX=0.00;lean=-0.06;7.700;False;6.283;3.5;4.150;3.4;1.467;6.683;1.44;1.65;0/0/60;4.317@0.57;6.317@0.58;2.933
Goalkeeper Diving Save;natural=0.00;naturalX=0.00;lean=0.66;3.233;False;1.350;7.1;1.283;9.1;1.133;1.317;0.21;1.60;0/2/180;0.950@1.25;1.000@0.73;1.917
Goalkeeper Diving Save (1);natural=0.00;naturalX=0.00;lean=-0.65;3.400;False;1.350;7.0;1.417;6.3;1.217;0.683;0.15;1.58;0/2/180;1.117@0.76;0.983@1.18;2.150
Goalkeeper Diving Save (1) (miroir);natural=0.00;naturalX=0.00;lean=0.65;3.400;False;1.417;6.3;1.350;7.0;0.683;1.217;0.15;1.58;0/-2/-180;0.983@1.18;1.117@0.76;2.150
Goalkeeper Diving Save (miroir);natural=0.00;naturalX=0.00;lean=-0.66;3.233;False;1.283;9.0;1.350;7.1;1.317;1.133;0.21;1.60;0/-2/-180;1.000@0.73;0.950@1.25;1.917
Goalkeeper Drop Kick;natural=0.00;naturalX=0.00;lean=0.21;3.900;False;1.700;4.9;2.083;12.9;2.117;2.700;1.43;1.83;0/-2/-73;2.500@0.71;2.367@1.22;2.617
Goalkeeper Idle;natural=0.00;naturalX=0.00;lean=0.00;3.333;True;0.017;0.1;0.300;0.1;0.317;0.317;1.54;1.57;0/0/2;1.050@0.46;1.800@0.46;3.200
Goalkeeper Idle (1);natural=0.00;naturalX=0.00;lean=-0.03;4.633;True;1.950;0.5;1.933;0.5;1.867;4.100;1.50;1.57;0/0/4;2.483@0.50;0.200@0.49;0.000
Goalkeeper Miss;natural=0.00;naturalX=0.00;lean=-0.52;2.933;False;0.950;4.4;0.550;4.6;0.383;0.467;1.30;2.15;0/-98/-107;0.800@1.16;0.700@1.12;0.633
Goalkeeper Overhand Throw;natural=0.00;naturalX=0.00;lean=-0.33;2.833;False;0.633;6.0;1.783;6.1;1.300;1.600;1.45;1.59;0/-2/102;1.033@0.54;1.583@0.61;1.317
Goalkeeper Pass;natural=0.00;naturalX=0.00;lean=0.40;3.133;False;0.633;4.4;2.583;2.6;0.500;1.133;0.98;1.60;0/-2/31;0.750@0.57;0.317@0.53;0.000
Goalkeeper Placing Ball;natural=0.00;naturalX=0.00;lean=-0.03;3.533;False;2.100;4.3;2.417;7.0;2.100;1.183;0.96;1.64;0/-1/24;2.133@0.61;1.567@0.61;2.633
Goalkeeper Placing Ball (1);natural=0.00;naturalX=0.00;lean=0.23;7.967;False;5.550;5.6;5.850;16.1;5.850;6.567;0.88;1.99;0/-2/-66;6.400@1.13;6.133@1.39;5.867
Goalkeeper Scoop;natural=0.00;naturalX=0.00;lean=-0.04;2.600;False;0.983;4.7;1.317;4.5;0.850;0.633;0.85;1.62;0/2/-18;1.050@0.58;0.500@0.56;1.717
Goalkeeper Sidestep;natural=-0.35;naturalX=-2.24;lean=-0.02;0.533;True;0.333;7.8;0.483;3.2;0.167;0.367;1.39;1.48;-1/-1/3;0.317@0.57;0.217@0.67;0.050
Goalkeeper Sidestep (1);natural=0.93;naturalX=2.43;lean=-0.03;0.500;True;0.200;5.6;0.267;5.4;0.167;0.383;1.37;1.45;-1/-1/-3;0.267@0.58;0.333@0.59;0.117
Header;natural=0.00;naturalX=0.00;lean=-0.02;1.433;False;0.950;1.3;0.250;4.5;0.183;0.500;1.50;1.65;0/0/-26;1.200@0.52;0.233@0.59;0.333
Header Soccerball;natural=0.00;naturalX=0.00;lean=0.10;4.200;False;0.183;2.2;0.700;1.3;0.083;0.100;1.48;1.65;-1/-1/8;1.217@0.58;3.900@0.53;1.050
Header Soccerball (1);natural=0.00;naturalX=0.00;lean=0.10;1.900;False;0.500;0.7;1.283;0.8;0.167;0.183;1.49;1.64;-1/-1/7;0.967@0.52;1.233@0.51;0.750
Jog Backward;natural=-2.07;naturalX=0.09;lean=0.00;0.800;True;0.733;3.6;0.400;3.6;0.767;0.267;1.55;1.68;0/0/9;0.700@0.60;0.617@0.58;0.500
Jog Backward Diagonal;natural=-0.61;naturalX=2.00;lean=0.05;0.733;True;0.433;3.1;0.050;3.4;0.533;0.500;1.54;1.65;-3/-3/-12;0.267@0.56;0.617@0.54;0.000
Jog Backward Diagonal (1);natural=-1.77;naturalX=-1.70;lean=-0.05;0.833;True;0.367;2.6;0.367;3.3;0.533;0.500;1.54;1.64;0/0/-10;0.733@0.58;0.617@0.59;0.567
Jog Forward;natural=2.23;naturalX=0.01;lean=-0.01;0.833;True;0.833;3.6;0.467;4.5;0.783;0.783;1.63;1.72;0/0/-13;0.600@0.65;0.217@0.70;0.833
Jog Forward Diagonal;natural=1.74;naturalX=1.84;lean=0.01;0.800;True;0.483;5.1;0.017;3.8;0.433;0.417;1.59;1.69;1/1/-7;0.200@0.62;0.633@0.66;0.633
Jog Forward Diagonal (1);natural=1.89;naturalX=-1.11;lean=-0.05;0.833;True;0.450;4.3;0.083;4.4;0.833;0.833;1.54;1.63;-5/-5/25;0.183@0.60;0.083@0.57;0.333
Jog Strafe Left;natural=0.11;naturalX=-2.90;lean=-0.02;0.700;True;0.017;3.6;0.367;4.8;0.417;0.433;1.56;1.62;2/2/15;0.617@0.56;0.233@0.56;0.517
Jog Strafe Right;natural=0.19;naturalX=1.97;lean=0.03;0.733;True;0.400;3.9;0.683;3.3;0.033;0.367;1.59;1.65;-3/-3/-14;0.283@0.57;0.000@0.56;0.083
Kick Soccerball;natural=0.00;naturalX=0.00;lean=0.00;0.567;False;0.517;7.6;0.567;0.5;0.133;0.150;1.57;1.65;1/1/-6;0.367@0.71;0.567@0.51;0.267
Kick Soccerball (1);natural=0.00;naturalX=0.00;lean=-0.04;0.500;False;0.017;1.0;0.417;7.0;0.500;0.500;1.59;1.65;1/1/14;0.500@0.51;0.267@0.73;0.100
Kick Up Soccerball;natural=0.00;naturalX=0.00;lean=0.04;1.333;False;1.233;3.5;0.200;1.1;1.267;1.333;1.54;1.65;0/-3/-9;0.650@0.69;0.233@0.53;0.650
Kneeing Soccerball;natural=0.00;naturalX=0.00;lean=0.02;0.633;False;0.567;0.4;0.117;3.5;0.633;0.017;1.59;1.63;-1/-1/5;0.533@0.49;0.283@0.98;0.283
Kneeing Soccerball (1);natural=0.00;naturalX=0.00;lean=-0.02;0.900;False;0.750;2.7;0.033;0.9;0.250;0.117;1.62;1.65;1/1/-5;0.550@0.89;0.083@0.52;0.517
Offensive Idle;natural=0.01;naturalX=0.02;lean=0.11;10.567;True;7.850;1.9;5.517;1.3;4.033;2.817;1.61;1.66;0/0/16;7.767@0.66;5.650@0.76;5.267
Receive Soccerball;natural=0.00;naturalX=0.00;lean=0.03;5.133;False;0.550;5.5;0.300;5.7;0.250;1.850;1.45;1.62;1/0/62;1.100@0.81;2.783@0.70;0.517
Run Backward;natural=-2.90;naturalX=-0.23;lean=-0.04;0.633;True;0.017;4.5;0.317;4.4;0.100;0.583;1.48;1.56;0/0/-9;0.567@0.54;0.283@0.53;0.467
Scissor Kick;natural=0.00;naturalX=0.00;lean=0.28;2.767;False;1.050;6.0;0.750;10.2;0.983;1.067;0.14;1.65;0/168/180;0.867@1.37;0.833@1.64;1.633
Soccer Header;natural=0.00;naturalX=0.00;lean=0.02;2.367;False;1.400;2.9;1.417;2.9;0.717;0.750;1.42;2.00;2/2/-10;1.167@0.88;1.167@0.86;1.017
Soccer Idle;natural=0.04;naturalX=0.00;lean=0.03;6.200;True;4.833;3.1;5.483;3.6;4.050;5.200;1.44;1.66;0/0/-84;5.000@0.76;5.517@0.68;2.200
Soccer Pass;natural=0.00;naturalX=0.00;lean=0.12;1.600;False;0.200;2.6;0.433;8.7;0.500;0.517;1.47;1.65;0/0/32;1.317@0.56;0.650@0.84;0.650
Soccer Penalty Kick;natural=0.00;naturalX=0.00;lean=-0.02;1.500;False;0.517;5.7;0.733;9.9;0.500;1.033;1.42;1.65;3/-56/-59;0.517@0.57;0.917@0.67;0.867
Soccer Spin;natural=0.00;naturalX=0.00;lean=-0.08;1.267;False;0.617;7.6;0.217;8.2;0.783;0.383;1.42;1.60;0/0/-179;0.483@0.66;0.350@0.67;0.200
Soccer Tackle;natural=0.00;naturalX=0.00;lean=-0.44;1.767;False;0.150;11.6;0.017;10.1;0.400;0.517;0.49;1.59;0/7/-75;1.550@0.52;0.117@0.85;0.533
Soccer Tackle (1);natural=0.00;naturalX=0.00;lean=0.31;2.733;False;0.750;6.8;0.617;12.1;1.000;1.050;-0.01;1.59;0/7/180;1.617@0.76;0.867@0.80;1.233
Soccer Tackle (2);natural=0.00;naturalX=0.00;lean=0.55;2.300;False;0.917;8.4;0.300;11.1;0.567;0.767;0.29;1.69;0/0/140;0.600@1.23;0.533@1.06;0.933
Soccer Trip;natural=0.00;naturalX=0.00;lean=0.66;1.600;False;1.083;9.3;0.717;9.2;0.433;0.433;-0.02;1.60;0/97/177;0.950@0.90;0.700@0.70;0.867
Sprint Turn;natural=0.00;naturalX=0.00;lean=0.07;1.000;False;0.617;7.3;0.350;7.5;0.950;0.733;1.55;1.60;1/60/60;0.617@0.68;0.350@0.64;0.733
Stall Soccerball;natural=0.00;naturalX=0.00;lean=-0.01;2.133;False;0.067;0.7;1.850;4.4;1.517;1.267;1.59;1.65;1/1/14;2.050@0.52;1.650@1.13;1.467
Stall Soccerball (1);natural=0.00;naturalX=0.00;lean=0.02;1.833;False;0.133;0.7;1.483;2.5;0.150;0.067;1.62;1.69;-1/-1/15;1.417@0.52;1.300@1.23;1.200
Stall Soccerball (2);natural=0.00;naturalX=0.00;lean=0.05;2.300;False;2.033;3.4;0.083;0.6;0.950;1.767;1.59;1.66;-1/-1/9;1.800@1.25;0.067@0.52;1.683
Stall Soccerball (3);natural=0.00;naturalX=0.00;lean=0.07;3.267;False;2.850;3.1;2.650;0.3;2.650;2.617;1.57;1.65;1/1/8;2.700@1.09;3.200@0.51;2.567
Standard Run;natural=3.80;naturalX=-0.37;lean=-0.03;0.733;True;0.667;4.5;0.717;5.1;0.283;0.650;1.40;1.48;1/1/-33;0.083@0.65;0.467@0.65;0.233
Standing Up;natural=0.00;naturalX=0.00;lean=0.51;1.667;False;0.800;3.4;1.067;4.7;1.333;1.517;0.40;1.45;26/7/-19;0.783@0.49;1.167@0.50;1.667
Strike Forward Jog;natural=0.00;naturalX=0.00;lean=-0.14;1.300;False;0.167;5.5;0.467;13.7;0.367;0.283;1.45;1.77;0/0/-37;0.800@0.69;0.667@1.26;0.433
Throw In;natural=0.00;naturalX=0.00;lean=0.01;2.767;False;1.150;4.1;0.450;3.2;1.617;1.583;1.44;1.68;0/4/9;2.533@0.55;2.067@0.55;1.117
Transition;natural=0.00;naturalX=0.00;lean=-0.01;0.767;False;0.583;0.5;0.183;1.7;0.033;0.017;1.64;1.66;1/3/3;0.650@0.52;0.767@0.54;0.767
Two Cycle Sprint;natural=5.68;naturalX=-0.57;lean=-0.07;1.067;True;0.817;7.6;0.517;6.8;0.933;0.667;1.35;1.54;3/3/-31;0.050@0.74;0.867@0.69;0.967
Victory;natural=0.00;naturalX=0.00;lean=0.01;4.500;False;0.483;0.6;0.483;0.6;0.617;0.567;1.46;1.66;0/0/-11;0.817@0.52;0.867@0.52;0.550
